[
  {
    "id": 1,
    "timestamp": 124124131241,
    "products": [
      {
        "id": 1,
        "timestamp": 124124131248,
        "name": "Yerba Baldo 1kg",
        "description": "Buena calidad",
        "code": 7730241003920,
        "thumbnail": "shorturl.at/BCJOQ",
        "price": 180.6,
        "stock": 10
      },
      {
        "id": 2,
        "timestamp": 124144431241,
        "name": "Yerba Canarias 1kg",
        "description": "Sabor inigualable",
        "code": 7730241003920,
        "thumbnail": "shorturl.at/678234",
        "price": 200.6,
        "stock": 5
      }
    ]
  },
  {
    "id": 2,
    "timestamp": 124124131567,
    "products": [
      {
        "id": 1,
        "timestamp": 1661220674959,
        "name": "Yerba Baldo 1kg",
        "description": "Buena calidad",
        "code": 7730241003920,
        "thumbnail": "shorturl.at/BCJOQ",
        "price": 180.6,
        "stock": 10
      }
    ]
  },
  {
    "id": 3,
    "timestamp": 1661479449110,
    "products": []
  },
  {
    "id": 4,
    "timestamp": 1661479458513,
    "products": [
      {
        "id": 1,
        "timestamp": 1661220581401,
        "name": "Calculadora",
        "description": "Anda bien",
        "code": 12312414,
        "thumbnail": "https://cdn3.iconfinder.com/data/icons/education-209/64/calculator-math-tool-school-256.png",
        "price": 234.56,
        "stock": 3
      },
      {
        "id": 2,
        "timestamp": 1661220674959,
        "name": "Yerba Baldo 1kg",
        "description": "Buena calidad",
        "code": 7730241003920,
        "thumbnail": "shorturl.at/BCJOQ",
        "price": 180.6,
        "stock": 10
      },
      {
        "id": 3,
        "timestamp": 1661220582600,
        "name": "Globo Terráqueo",
        "description": "Muy detallado",
        "code": 12312414,
        "thumbnail": "https://cdn3.iconfinder.com/data/icons/education-209/64/globe-earth-geograhy-planet-school-256.png",
        "price": 345.67,
        "stock": 15
      },
      {
        "id": 4,
        "timestamp": 1661220582600,
        "name": "Globo Aerostatico",
        "description": "Vuela alto",
        "code": 12312414,
        "thumbnail": "https://cdn3.iconfinder.com/data/icons/education-209/64/globe-earth-geograhy-planet-school-256.png",
        "price": 345.67,
        "stock": 15
      }
    ]
  },
  {
    "id": 5,
    "timestamp": 1661556421785,
    "products": []
  },
  {
    "id": 6,
    "timestamp": 1661569003572,
    "products": []
  },
  {
    "id": 7,
    "timestamp": 1661569005325,
    "products": []
  }
]