[
  {
    "id": 1,
    "timestamp": 1661220526078,
    "name": "Pantalón",
    "description": "Negro",
    "code": 141313113,
    "thumbnail": "https://cdn4.iconfinder.com/data/icons/clothes-195/64/JEAN-denim-garment-trouser-jeans-128.png",
    "price": 150,
    "stock": 8
  },
  {
    "id": 2,
    "timestamp": 1661565587054,
    "name": "Calculadora",
    "description": "Anda bien",
    "code": 12312414,
    "thumbnail": "https://cdn3.iconfinder.com/data/icons/education-209/64/calculator-math-tool-school-256.png",
    "price": 234.56,
    "stock": 3
  },
  {
    "id": 3,
    "timestamp": 1661220582600,
    "name": "Globo Terráqueo",
    "description": "Muy detallado",
    "code": 12312414,
    "thumbnail": "https://cdn3.iconfinder.com/data/icons/education-209/64/globe-earth-geograhy-planet-school-256.png",
    "price": 345.67,
    "stock": 15
  },
  {
    "id": 4,
    "timestamp": 1661220674959,
    "name": "Yerba Baldo 1kg",
    "description": "Buena calidad",
    "code": 7730241003920,
    "thumbnail": "shorturl.at/BCJOQ",
    "price": 180.6,
    "stock": 10
  },
  {
    "id": 5,
    "timestamp": 1661546932009,
    "name": "Yerba Baldo 2kg",
    "description": "Buena calidad",
    "code": 7730241003920,
    "thumbnail": "shorturl.at/BCJOQ",
    "price": 180.6,
    "stock": 10
  },
  {
    "id": 6,
    "timestamp": 1661546933420,
    "name": "Yerba Baldo 1kg",
    "description": "Buena calidad",
    "code": 7730241003920,
    "thumbnail": "shorturl.at/BCJOQ",
    "price": 180.6,
    "stock": 10
  },
  {
    "id": 7,
    "timestamp": 1661546934029,
    "name": "Yerba Baldo 1kg",
    "description": "Buena calidad",
    "code": 7730241003920,
    "thumbnail": "shorturl.at/BCJOQ",
    "price": 180.6,
    "stock": 10
  },
  {
    "id": 8,
    "timestamp": 1661546935632,
    "name": "Yerba Baldo 1kg",
    "description": "Buena calidad",
    "code": 7730241003920,
    "thumbnail": "shorturl.at/BCJOQ",
    "price": 180.6,
    "stock": 10
  },
  {
    "id": 9,
    "timestamp": 1661565617717,
    "name": "Yerba Baldo 1kg",
    "description": "Buena calidad",
    "code": 7730241003920,
    "thumbnail": "shorturl.at/BCJOQ",
    "price": 180.6,
    "stock": 10
  },
  {
    "id": 10,
    "timestamp": 1661568889745,
    "name": "Yerba Baldo 1kg",
    "description": "Buena calidad",
    "code": 7730241003920,
    "thumbnail": "shorturl.at/BCJOQ",
    "price": 180.6,
    "stock": 10
  }
]